metric,edge_attr,x_coordinate,y_coordinate,f4,f5,f6,f7,f8,f9,f10,f11,f12,f13,f14,f15,f16,f17,f18,f19,f20,f21,f22,f23,f24,f25,f26,f27,f28,f29,f30,f31,f32,f33,f34,f35,f36
mean,11.566909790039062,8817.3564453125,24174.10546875,28.261615753173828,22.179349899291992,0.7087903618812561,8.568082809448242,4.781947612762451,0.7940879464149475,0.7905550599098206,101.19213104248047,0.18682298064231873,1.3100097179412842,0.43511325120925903,0.8748976588249207,0.08290864527225494,10.678848266601562,0.08215928822755814,0.29889386892318726,-0.11834902316331863,0.4172450602054596,140.04635620117188,46.764949798583984,0.780396580696106,17.058259963989258,11.378259658813477,0.7101495265960693,0.10828616470098495,0.08603528887033463,0.39460673928260803,-0.1981867104768753,0.11525983363389969,0.07760538905858994,0.36514508724212646,-0.12126169353723526,0.20258258283138275
sd,3.961778163909912,5031.16259765625,7881.625,17.10945701599121,6.8816447257995605,0.131814107298851,2.5766379833221436,1.5945621728897095,0.13802504539489746,0.2247205376625061,60.18346405029297,0.11184024065732956,0.5540992021560669,0.16739390790462494,0.5367687344551086,0.12567009031772614,16.819875717163086,0.062073979526758194,0.2222142219543457,0.2733335793018341,0.34509479999542236,54.93667984008789,8.752086639404297,0.08694904297590256,3.2099905014038086,2.609175205230713,0.15096326172351837,0.08924626559019089,0.03971055522561073,0.25207167863845825,0.35188984870910645,0.08475494384765625,0.03698781505227089,0.22560682892799377,0.2784530222415924,0.06746037304401398
