metric,edge_attr,x_coordinate,y_coordinate,f4,f5,f6,f7,f8,f9,f10,f11,f12,f13,f14,f15,f16,f17,f18,f19,f20,f21,f22,f23,f24,f25,f26,f27,f28,f29,f30,f31,f32,f33,f34,f35,f36
mean,12.103716850280762,8536.0673828125,23831.1171875,28.8291015625,22.661197662353516,0.6990041732788086,8.755512237548828,4.834675312042236,0.7953976988792419,0.8534093499183655,111.15977478027344,0.19557452201843262,1.399048924446106,0.4807540476322174,0.9182942509651184,0.08293923735618591,11.113308906555176,0.08864463120698929,0.32459744811058044,-0.1339775174856186,0.4585762917995453,141.12689208984375,46.984004974365234,0.7783207893371582,17.09536361694336,11.451391220092773,0.7071425914764404,0.11070284992456436,0.09109543263912201,0.4262723922729492,-0.20433633029460907,0.11861491203308105,0.08127487450838089,0.38507941365242004,-0.11891573667526245,0.20626439154148102
sd,4.26308012008667,5069.6064453125,7030.640625,17.1938419342041,7.445216655731201,0.13692739605903625,2.819146156311035,1.6100276708602905,0.14030514657497406,0.2365647405385971,66.06684875488281,0.1074962243437767,0.5425391793251038,0.1759934276342392,0.510173499584198,0.12564173340797424,17.680837631225586,0.0645918995141983,0.2478981465101242,0.27644258737564087,0.362892746925354,55.727176666259766,9.073701858520508,0.08776479214429855,3.316150188446045,2.5852739810943604,0.1470383107662201,0.08753262460231781,0.04004134610295296,0.2747940123081207,0.3359559178352356,0.08315838128328323,0.03593621775507927,0.23585903644561768,0.24772289395332336,0.07651415467262268
