metric,edge_attr,x_coordinate,y_coordinate,f4,f5,f6,f7,f8,f9,f10,f11,f12,f13,f14,f15,f16,f17,f18,f19,f20,f21,f22,f23,f24,f25,f26,f27,f28,f29,f30,f31,f32,f33,f34,f35,f36
mean,12.10873031616211,8817.3564453125,24174.10546875,28.563514709472656,22.384950637817383,0.7054809331893921,8.639615058898926,4.812203407287598,0.7955067753791809,0.7937074303627014,102.60380554199219,0.18614916503429413,1.3133463859558105,0.4386892318725586,0.8746575713157654,0.0828690379858017,10.79904842376709,0.08250486850738525,0.3034895956516266,-0.11900194734334946,0.42249247431755066,140.05450439453125,46.801490783691406,0.7782575488090515,17.089853286743164,11.350373268127441,0.7131571173667908,0.10759597271680832,0.08600029349327087,0.396088182926178,-0.19820880889892578,0.1145997941493988,0.0772583857178688,0.3637555241584778,-0.1210070550441742,0.20525366067886353
sd,4.421585559844971,5031.16259765625,7881.625,17.074077606201172,6.9910407066345215,0.13385571539402008,2.618288278579712,1.5898998975753784,0.13712908327579498,0.2265750616788864,60.45259475708008,0.109443798661232,0.5526795387268066,0.16810394823551178,0.5307613015174866,0.1259879320859909,17.02486801147461,0.06104889139533043,0.2310258150100708,0.2713688910007477,0.344662606716156,55.58536911010742,8.87506103515625,0.08662396669387817,3.254108428955078,2.6375572681427,0.1497223675251007,0.08937539160251617,0.03963080793619156,0.25670304894447327,0.3507504463195801,0.08464167267084122,0.03672231361269951,0.22571714222431183,0.2774176597595215,0.06819308549165726
