metric,edge_attr,x_coordinate,y_coordinate,f4,f5,f6,f7,f8,f9,f10,f11,f12,f13,f14,f15,f16,f17,f18,f19,f20,f21,f22,f23,f24,f25,f26,f27,f28,f29,f30,f31,f32,f33,f34,f35,f36
mean,11.298337936401367,10613.2099609375,23224.466796875,28.674287796020508,22.24932289123535,0.7123697400093079,8.536591529846191,4.84732723236084,0.7897743582725525,0.7693713307380676,99.19316864013672,0.18038225173950195,1.2841088771820068,0.4241635501384735,0.8599497675895691,0.050959836691617966,6.55526876449585,0.07655969262123108,0.24857693910598755,-0.13705943524837494,0.38563892245292664,136.6918182373047,46.28117752075195,0.7777900695800781,16.90187644958496,11.246047019958496,0.7112634181976318,0.08953424543142319,0.08297406882047653,0.34492558240890503,-0.21626530587673187,0.10119171440601349,0.07460221648216248,0.3260631263256073,-0.141778826713562,0.20927433669567108
sd,3.7572219371795654,4629.76416015625,7245.23828125,17.763856887817383,7.105356216430664,0.1306462436914444,2.627291679382324,1.5943416357040405,0.13557998836040497,0.22372016310691833,59.474281311035156,0.09932109713554382,0.5347201824188232,0.15057595074176788,0.4995099902153015,0.10679800808429718,14.322562217712402,0.0520746223628521,0.1788969337940216,0.24417847394943237,0.2890424430370331,54.4045524597168,8.811175346374512,0.08707781136035919,3.276458263397217,2.5669329166412354,0.1508629322052002,0.07413827627897263,0.03724324330687523,0.21641138195991516,0.3477182388305664,0.06936974078416824,0.03532687947154045,0.2017732709646225,0.2972082495689392,0.06794983893632889
