metric,edge_attr,x_coordinate,y_coordinate,f4,f5,f6,f7,f8,f9,f10,f11,f12,f13,f14,f15,f16,f17,f18,f19,f20,f21,f22,f23,f24,f25,f26,f27,f28,f29,f30,f31,f32,f33,f34,f35,f36
mean,11.805754661560059,10613.2099609375,23224.466796875,28.592069625854492,22.22142219543457,0.7133303284645081,8.519835472106934,4.850185871124268,0.7886329293251038,0.7721888422966003,99.33741760253906,0.18000881373882294,1.2867162227630615,0.42685961723327637,0.8598601222038269,0.05108365789055824,6.4856858253479,0.0769248977303505,0.25108015537261963,-0.1383872926235199,0.3894689381122589,135.911865234375,46.166107177734375,0.7769619822502136,16.875581741333008,11.18574333190918,0.7147327065467834,0.08907774835824966,0.08248428255319595,0.3454742729663849,-0.21398869156837463,0.10060112923383713,0.07387387007474899,0.32503169775009155,-0.13759435713291168,0.21007806062698364
sd,4.187870502471924,4629.76416015625,7245.23828125,17.67423439025879,7.108780384063721,0.13239161670207977,2.606841802597046,1.6080328226089478,0.13631342351436615,0.22257287800312042,60.399478912353516,0.09922301024198532,0.5370899438858032,0.15007436275482178,0.503667414188385,0.10684411972761154,14.315363883972168,0.05245914310216904,0.1848296970129013,0.24761103093624115,0.29552677273750305,54.35782241821289,8.843482971191406,0.08626749366521835,3.275838851928711,2.580143928527832,0.14877335727214813,0.07420794665813446,0.03691895306110382,0.21782802045345306,0.3437096178531647,0.06924322247505188,0.03451383113861084,0.2004154622554779,0.28740546107292175,0.06762157380580902
