metric,edge_attr,x_coordinate,y_coordinate,f4,f5,f6,f7,f8,f9,f10,f11,f12,f13,f14,f15,f16,f17,f18,f19,f20,f21,f22,f23,f24,f25,f26,f27,f28,f29,f30,f31,f32,f33,f34,f35,f36
mean,11.57041072845459,8536.0673828125,23831.1171875,28.724164962768555,22.528881072998047,0.7028677463531494,8.706799507141113,4.823756694793701,0.793782114982605,0.8541806936264038,110.83723449707031,0.19776460528373718,1.4033454656600952,0.4779815673828125,0.9253626465797424,0.0827544704079628,10.987028121948242,0.0895201787352562,0.32488611340522766,-0.1367642730474472,0.4616512358188629,141.37232971191406,46.97284698486328,0.7808065414428711,17.07741355895996,11.4783935546875,0.704079806804657,0.11219313740730286,0.09168988466262817,0.4301179349422455,-0.20746897161006927,0.12028752267360687,0.08177382498979568,0.3894255757331848,-0.11940498650074005,0.20413729548454285
sd,3.8425087928771973,5069.6064453125,7030.640625,17.527191162109375,7.4700140953063965,0.13640610873699188,2.812319040298462,1.6444652080535889,0.14164698123931885,0.23702555894851685,66.93557739257812,0.11173862218856812,0.5516436696052551,0.17495250701904297,0.5238797068595886,0.12545324862003326,17.469682693481445,0.0675019845366478,0.24471089243888855,0.2842109501361847,0.37266361713409424,55.581626892089844,8.960139274597168,0.08762826770544052,3.285627603530884,2.5674214363098145,0.14724500477313995,0.08712730556726456,0.04067409038543701,0.27470147609710693,0.3419100344181061,0.08290883153676987,0.036045100539922714,0.23820088803768158,0.24830187857151031,0.07665418088436127
