metric,edge_attr,x_coordinate,y_coordinate,f4,f5,f6,f7,f8,f9,f10,f11,f12,f13,f14,f15,f16,f17,f18,f19,f20,f21,f22,f23,f24,f25,f26,f27,f28,f29,f30,f31,f32,f33,f34,f35,f36
mean,11.81591796875,10231.2294921875,22906.041015625,28.857646942138672,22.49764633178711,0.7068544626235962,8.635726928710938,4.872663974761963,0.7885237336158752,0.8318905830383301,107.89338684082031,0.18943412601947784,1.3724175691604614,0.4689245820045471,0.9034956693649292,0.05115388333797455,6.799938678741455,0.0830647200345993,0.2721874415874481,-0.15336298942565918,0.425552636384964,136.9842071533203,46.348548889160156,0.7770246267318726,16.88107681274414,11.286762237548828,0.7087177038192749,0.09218452870845795,0.08757954835891724,0.3756588399410248,-0.22011607885360718,0.10461637377738953,0.0778903067111969,0.346355140209198,-0.13550271093845367,0.21108873188495636
sd,4.022585391998291,4815.21630859375,6236.07666015625,17.789531707763672,7.561863422393799,0.13587136566638947,2.813460111618042,1.6274116039276123,0.13950267434120178,0.23819394409656525,66.44049835205078,0.09766538441181183,0.530968189239502,0.16196584701538086,0.4832625687122345,0.10645665973424911,15.179204940795898,0.05714605748653412,0.21084710955619812,0.252011239528656,0.3203429579734802,54.584320068359375,9.05564022064209,0.08741389960050583,3.337829351425171,2.533250093460083,0.1461367905139923,0.07277334481477737,0.03783607855439186,0.24519743025302887,0.32830363512039185,0.0682511031627655,0.034077759832143784,0.2156389355659485,0.2589930593967438,0.07594100385904312
