metric,edge_attr,x_coordinate,y_coordinate,f4,f5,f6,f7,f8,f9,f10,f11,f12,f13,f14,f15,f16,f17,f18,f19,f20,f21,f22,f23,f24,f25,f26,f27,f28,f29,f30,f31,f32,f33,f34,f35,f36
mean,11.314643859863281,10231.2294921875,22906.041015625,29.13678741455078,22.598852157592773,0.7064481377601624,8.675311088562012,4.889139652252197,0.7894684076309204,0.8329973220825195,108.83843994140625,0.19132407009601593,1.3774434328079224,0.4670320153236389,0.910415530204773,0.050805721431970596,6.863460063934326,0.08392061293125153,0.2745687961578369,-0.1554749459028244,0.43004515767097473,138.01780700683594,46.48908233642578,0.7781994342803955,16.9210147857666,11.346179008483887,0.7051942944526672,0.09344124794006348,0.08862866461277008,0.38043683767318726,-0.22554774582386017,0.10621947050094604,0.07877068221569061,0.3503437340259552,-0.13992184400558472,0.21082890033721924
sd,3.6346445083618164,4815.21630859375,6236.07666015625,18.156030654907227,7.673410415649414,0.13543462753295898,2.8603286743164062,1.642586588859558,0.13925603032112122,0.2417234629392624,66.58905792236328,0.0999150350689888,0.536702036857605,0.16186508536338806,0.48718520998954773,0.10649649798870087,15.164466857910156,0.05914054811000824,0.21242906153202057,0.2549472451210022,0.32579508423805237,55.13652801513672,9.029019355773926,0.08776821196079254,3.3514883518218994,2.5297231674194336,0.14718811213970184,0.07259060442447662,0.038718972355127335,0.24957141280174255,0.33711734414100647,0.06814838945865631,0.03470152989029884,0.22012048959732056,0.2693078815937042,0.0769500881433487
